{"cameraMode":{"drawMode":0,"name":"Shaded","section":"Shading Mode"},"sceneLighting":false,"audioPlay":false,"sceneViewState":{"m_AlwaysRefresh":false,"showFog":true,"showSkybox":false,"showFlares":true,"showImageEffects":true,"showParticleSystems":true,"showVisualEffectGraphs":true,"m_FxEnabled":true},"in2DMode":false,"pivot":{"x":-0.053867220878601077,"y":0.5407413244247437,"z":-0.025020599365234376},"rotation":{"x":-0.04355766996741295,"y":-0.888562798500061,"z":0.08630358427762985,"w":-0.44845640659332278},"size":0.6733512878417969,"orthographic":false}