{"cameraMode":{"drawMode":0,"name":"Shaded","section":"Shading Mode"},"sceneLighting":false,"audioPlay":false,"sceneViewState":{"m_AlwaysRefresh":false,"showFog":true,"showSkybox":false,"showFlares":true,"showImageEffects":true,"showParticleSystems":true,"showVisualEffectGraphs":true,"m_FxEnabled":true},"in2DMode":false,"pivot":{"x":-0.5377693772315979,"y":0.8593780994415283,"z":0.6188164949417114},"rotation":{"x":0.06799616664648056,"y":0.6926484107971191,"z":-0.06586726754903794,"w":0.7150366306304932},"size":1.5158782005310059,"orthographic":false}